Algorithm,Noise_Ratio,T,s,Max_Included_Literals,Epochs,Platform,Total_Time,Accuracy
Graph NN,0.005,0,0,0,1000,CPU,0.03006434440612793,76.72131061553955
GraphTM,0.005,10000,10.0,23,10,CUDA,34.547648191452026,98.46994535519126
TMClassifier,0.005,10000,10.0,32,10,CPU_sparse,89.6943154335022,76.63934426229508
Graph NN,0.01,0,0,0,1000,CPU,0.01817464828491211,75.95628499984741
GraphTM,0.01,10000,10.0,23,10,CUDA,34.95576763153076,98.44262295081967
